{"cameraMode":{"drawMode":0,"name":"Shaded","section":"Shading Mode"},"sceneLighting":false,"audioPlay":false,"sceneViewState":{"showFog":true,"showMaterialUpdate":false,"showSkybox":false,"showFlares":true,"showImageEffects":true,"showParticleSystems":true},"in2DMode":false,"pivot":{"x":8.35390567779541,"y":-3.1478195190429689,"z":8.011051177978516},"rotation":{"x":0.42301446199417117,"y":0.012227799743413926,"z":-0.005709412042051554,"w":0.9060262441635132},"size":10.0,"orthographic":false}